Workbook

Sheet DJ_median
A1: Subject | B1: Name | C1: Style | D1: Jump Height (Flight)
A2: 1 | B2: =VLOOKUP(A2, 工作表1!A:C, 3, FALSE) -> 巫柏毅 | C2: SF | D2: 0.38167972
A3: 2 | B3: =VLOOKUP(A3, 工作表1!A:C, 3, FALSE) -> 張晏齊 | C3: SF | D3: 0.21315857
A4: 3 | B4: =VLOOKUP(A4, 工作表1!A:C, 3, FALSE) -> 胡育鴻 | C4: SF | D4: 0.44868488
A5: 4 | B5: =VLOOKUP(A5, 工作表1!A:C, 3, FALSE) -> 胡元勳 | C5: SF | D5: 0.38442068
A6: 5 | B6: =VLOOKUP(A6, 工作表1!A:C, 3, FALSE) -> 林誌豪 | C6: SF | D6: 0.2515516
A7: 6 | B7: =VLOOKUP(A7, 工作表1!A:C, 3, FALSE) -> 卓柏陞 | C7: SF | D7: 0.31385693
A8: 7 | B8: =VLOOKUP(A8, 工作表1!A:C, 3, FALSE) -> 林彥銘 | C8: SF | D8: 0.29914695
A9: 8 | B9: =VLOOKUP(A9, 工作表1!A:C, 3, FALSE) -> 曹佑齊 | C9: SF | D9: 0.36143512
A10: 9 | B10: =VLOOKUP(A10, 工作表1!A:C, 3, FALSE) -> 彭献文 | C10: SF | D10: 0.22350459
A11: 10 | B11: =VLOOKUP(A11, 工作表1!A:C, 3, FALSE) -> 段仁瑋 | C11: SF | D11: 0.34824517
A12: 11 | B12: =VLOOKUP(A12, 工作表1!A:C, 3, FALSE) -> 蕭宗翰 | C12: SF | D12: 0.33019113
A13: 12 | B13: =VLOOKUP(A13, 工作表1!A:C, 3, FALSE) -> 温庭新 | C13: SF | D13: 0.37351569
... A53: 26 | B53: =VLOOKUP(A53, 工作表1!A:C, 3, FALSE) -> 王中成 | C53: ST | D53: 0.23302562

Sheet 工作表2
A1: No. | B1: Name | C1: Soft Jump | D1: Stiff Jump | E1: Z_Soft | F1: Z_Stiff | G1: Classification
A2: 21 | B2: =VLOOKUP(A2, 工作表1!A:C, 3, FALSE) -> 王建升 | C2: 0.4742545 | D2: 0.38167972 | E2: =(C2-C$28)/C$29 -> 2.0912799 | F2: =(D2-D$28)/D$29 -> 1.9348533 | G2: =IF(AND(E2<0.5, F2<0.5), "Weak", IF(F2-E2<-1, "Power", IF(F2-E2>1, "Eccentric Strength", "Strong"))) -> Strong
A3: 3 | B3: =VLOOKUP(A3, 工作表1!A:C, 3, FALSE) -> 胡育鴻 | C3: 0.44868488 | D3: 0.36010509 | E3: =(C3-C$28)/C$29 -> 1.7026047 | F3: =(D3-D$28)/D$29 -> 1.5566113 | G3: =IF(AND(E3<0.5, F3<0.5), "Weak", IF(F3-E3<-1, "Power", IF(F3-E3>1, "Eccentric Strength", "Strong"))) -> Strong
A4: 1 | B4: =VLOOKUP(A4, 工作表1!A:C, 3, FALSE) -> 巫柏毅 | C4: 0.38167972 | D4: 0.3548095 | E4: =(C4-C$28)/C$29 -> 0.68408142 | F4: =(D4-D$28)/D$29 -> 1.4637701 | G4: =IF(AND(E4<0.5, F4<0.5), "Weak", IF(F4-E4<-1, "Power", IF(F4-E4>1, "Eccentric Strength", "Strong"))) -> Strong
A5: 24 | B5: =VLOOKUP(A5, 工作表1!A:C, 3, FALSE) -> 陳彥均 | C5: 0.37487023 | D5: 0.35349173 | E5: =(C5-C$28)/C$29 -> 0.58057258 | F5: =(D5-D$28)/D$29 -> 1.4406672 | G5: =IF(AND(E5<0.5, F5<0.5), "Weak", IF(F5-E5<-1, "Power", IF(F5-E5>1, "Eccentric Strength", "Strong"))) -> Strong
A6: 13 | B6: =VLOOKUP(A6, 工作表1!A:C, 3, FALSE) -> 高勤昊 | C6: 0.36410253 | D6: 0.34955314 | E6: =(C6-C$28)/C$29 -> 0.41689631 | F6: =(D6-D$28)/D$29 -> 1.3716166 | G6: =IF(AND(E6<0.5, F6<0.5), "Weak", IF(F6-E6<-1, "Power", IF(F6-E6>1, "Eccentric Strength", "Strong"))) -> Strong
A7: 22 | B7: =VLOOKUP(A7, 工作表1!A:C, 3, FALSE) -> 陳昱綸 | C7: 0.3150987 | D7: 0.32009028 | E7: =(C7-C$28)/C$29 -> -0.32799467 | F7: =(D7-D$28)/D$29 -> 0.85507985 | G7: =IF(AND(E7<0.5, F7<0.5), "Weak", IF(F7-E7<-1, "Power", IF(F7-E7>1, "Eccentric Strength", "Strong"))) -> Eccentric Strength
A8: 25 | B8: =VLOOKUP(A8, 工作表1!A:C, 3, FALSE) -> 李易庭 | C8: 0.26734031 | D8: 0.30279135 | E8: =(C8-C$28)/C$29 -> -1.0539541 | F8: =(D8-D$28)/D$29 -> 0.55179854 | G8: =IF(AND(E8<0.5, F8<0.5), "Weak", IF(F8-E8<-1, "Power", IF(F8-E8>1, "Eccentric Strength", "Strong"))) -> Eccentric Strength
A9: 14 | B9: =VLOOKUP(A9, 工作表1!A:C, 3, FALSE) -> 沈宗逸 | C9: 0.34303784 | D9: 0.3015741 | E9: =(C9-C$28)/C$29 -> 0.09669903 | F9: =(D9-D$28)/D$29 -> 0.53045795 | G9: =IF(AND(E9<0.5, F9<0.5), "Weak", IF(F9-E9<-1, "Power", IF(F9-E9>1, "Eccentric Strength", "Strong"))) -> Strong
A10: 10 | B10: =VLOOKUP(A10, 工作表1!A:C, 3, FALSE) -> 段仁瑋 | C10: 0.34824517 | D10: 0.28834616 | E10: =(C10-C$28)/C$29 -> 0.17585394 | F10: =(D10-D$28)/D$29 -> 0.29854833 | G10: =IF(AND(E10<0.5, F10<0.5), "Weak", IF(F10-E10<-1, "Power", IF(F10-E10>1, "Eccentric Strength", "Strong"))) -> Weak
A11: 19 | B11: =VLOOKUP(A11, 工作表1!A:C, 3, FALSE) -> 鍾聖恩 | C11: 0.46213348 | D11: 0.28125595 | E11: =(C11-C$28)/C$29 -> 1.9070323 | F11: =(D11-D$28)/D$29 -> 0.17424425 | G11: =IF(AND(E11<0.5, F11<0.5), "Weak", IF(F11-E11<-1, "Power", IF(F11-E11>1, "Eccentric Strength", "Strong"))) -> Power
A12: 7 | B12: =VLOOKUP(A12, 工作表1!A:C, 3, FALSE) -> 林彥銘 | C12: 0.29914695 | D12: 0.27774394 | E12: =(C12-C$28)/C$29 -> -0.57047181 | F12: =(D12-D$28)/D$29 -> 0.11267247 | G12: =IF(AND(E12<0.5, F12<0.5), "Weak", IF(F12-E12<-1, "Power", IF(F12-E12>1, "Eccentric Strength", "Strong"))) -> Weak
A13: 4 | B13: =VLOOKUP(A13, 工作表1!A:C, 3, FALSE) -> 胡元勳 | C13: 0.38442068 | D13: 0.26505536 | E13: =(C13-C$28)/C$29 -> 0.72574583 | F13: =(D13-D$28)/D$29 -> -0.1097811 | G13: =IF(AND(E13<0.5, F13<0.5), "Weak", IF(F13-E13<-1, "Power", IF(F13-E13>1, "Eccentric Strength", "Strong"))) -> Strong
... A27: 5 | B27: =VLOOKUP(A27, 工作表1!A:C, 3, FALSE) -> 林誌豪 | C27: 0.2515516 | D27: 0.15361627 | E27: =(C27-C$28)/C$29 -> -1.293953 | F27: =(D27-D$28)/D$29 -> -2.0635085 | G27: =IF(AND(E27<0.5, F27<0.5), "Weak", IF(F27-E27<-1, "Power", IF(F27-E27>1, "Eccentric Strength", "Strong"))) -> Weak
A28: Mean | C28: =AVERAGE(C$2:C$27) -> 0.33667634 | D28: =AVERAGE(D$2:D$27) -> 0.27131719
A29: S.D. | C29: =_xlfn.STDEV.P(C$2:C$27) -> 0.06578658 | D29: =_xlfn.STDEV.P(D$2:D$27) -> 0.057039224

Sheet 工作表1
A1: No. Real | B1: No. | C1: 中文全名 | D1: 身高 | E1: 體重 | F1: D.O.B. | G1: Date of Test | H1: Age | I1: Under 20
A2: 1 | B2: 1 | C2: 巫柏毅 | D2: 174 | E2: 82 | F2: 1997/11/07 | G2: 43764 | H2: =_xlfn.DAYS(G2, F2) / 365.25 -> 21.965777 | I2: =IF(H2 < 20, "Yes", "No") -> No
A3: 2 | B3: 2 | C3: 張晏齊 | D3: 166 | E3: 102 | F3: 2002/06/21 | G3: 43764 | H3: =_xlfn.DAYS(G3, F3) / 365.25 -> 17.347023 | I3: =IF(H3 < 20, "Yes", "No") -> Yes
A4: 3 | B4: 3 | C4: 胡育鴻 | D4: 172 | E4: 67 | F4: 1998/02/28 | G4: 43764 | H4: =_xlfn.DAYS(G4, F4) / 365.25 -> 21.6564 | I4: =IF(H4 < 20, "Yes", "No") -> No
A5: 4 | B5: 4 | C5: 胡元勳 | D5: 180 | E5: 86 | F5: 2000/05/02 | G5: 43764 | H5: =_xlfn.DAYS(G5, F5) / 365.25 -> 19.482546 | I5: =IF(H5 < 20, "Yes", "No") -> Yes
B6: 5 | C6: 古蕓祥 | D6: 171 | E6: 57 | F6: 1999/04/21 | G6: 43764 | H6: =_xlfn.DAYS(G6, F6) / 365.25 -> 20.514716 | I6: =IF(H6 < 20, "Yes", "No") -> No
A7: 5 | B7: 6 | C7: 林誌豪 | D7: 173 | E7: 56 | F7: 2003/07/06 | G7: 43764 | H7: =_xlfn.DAYS(G7, F7) / 365.25 -> 16.306639 | I7: =IF(H7 < 20, "Yes", "No") -> Yes
A8: 6 | B8: 7 | C8: 卓柏陞 | D8: 177 | E8: 65 | F8: 2002/07/09 | G8: 43764 | H8: =_xlfn.DAYS(G8, F8) / 365.25 -> 17.297741 | I8: =IF(H8 < 20, "Yes", "No") -> Yes
A9: 7 | B9: 8 | C9: 林彥銘 | D9: 179 | E9: 78 | F9: 2000/09/28 | G9: 43764 | H9: =_xlfn.DAYS(G9, F9) / 365.25 -> 19.074606 | I9: =IF(H9 < 20, "Yes", "No") -> Yes
A10: 8 | B10: 9 | C10: 曹佑齊 | D10: 172 | E10: 62 | F10: 1996/03/30 | G10: 43764 | H10: =_xlfn.DAYS(G10, F10) / 365.25 -> 23.572895 | I10: =IF(H10 < 20, "Yes", "No") -> No
A11: 9 | B11: 10 | C11: 彭献文 | D11: 171 | E11: 70 | F11: 2002/08/04 | G11: 43764 | H11: =_xlfn.DAYS(G11, F11) / 365.25 -> 17.226557 | I11: =IF(H11 < 20, "Yes", "No") -> Yes
A12: 10 | B12: 11 | C12: 段仁瑋 | D12: 167 | E12: 57 | F12: 2000/06/18 | G12: 43764 | H12: =_xlfn.DAYS(G12, F12) / 365.25 -> 19.353867 | I12: =IF(H12 < 20, "Yes", "No") -> Yes
A13: 11 | B13: 12 | C13: 蕭宗翰 | D13: 167 | E13: 61 | F13: 2002/02/09 | G13: 43764 | H13: =_xlfn.DAYS(G13, F13) / 365.25 -> 17.708419 | I13: =IF(H13 < 20, "Yes", "No") -> Yes
A14: 12 | B14: 13 | C14: 温庭新 | D14: 168 | E14: 70 | F14: 1992/04/02 | G14: 43764 | H14: =_xlfn.DAYS(G14, F14) / 365.25 -> 27.564682 | I14: =IF(H14 < 20, "Yes", "No") -> No
A15: 13 | B15: 14 | C15: 高勤昊 | D15: 172 | E15: 75 | F15: 1999/09/13 | G15: 43764 | H15: =_xlfn.DAYS(G15, F15) / 365.25 -> 20.117728 | I15: =IF(H15 < 20, "Yes", "No") -> No
A16: 14 | B16: 15 | C16: 沈宗逸 | D16: 176 | E16: 107 | F16: 1998/08/21 | G16: 43764 | H16: =_xlfn.DAYS(G16, F16) / 365.25 -> 21.180014 | I16: =IF(H16 < 20, "Yes", "No") -> No
B17: 16 | C17: 李威岑 | D17: 170 | E17: 65 | F17: 1998/07/28 | G17: 43764 | H17: =_xlfn.DAYS(G17, F17) / 365.25 -> 21.245722 | I17: =IF(H17 < 20, "Yes", "No") -> No
A18: 15 | B18: 17 | C18: 黃宜夆 | D18: 179 | E18: 100 | F18: 2000/12/09 | G18: 43764 | H18: =_xlfn.DAYS(G18, F18) / 365.25 -> 18.877481 | I18: =IF(H18 < 20, "Yes", "No") -> Yes
A19: 16 | B19: 18 | C19: 林書正 | D19: 168 | E19: 70 | F19: 1996/01/30 | G19: 43764 | H19: =_xlfn.DAYS(G19, F19) / 365.25 -> 23.737166 | I19: =IF(H19 < 20, "Yes", "No") -> No
A20: 17 | B20: 19 | C20: 黃興文 | D20: 170 | E20: 78 | F20: 2001/08/05 | G20: 43764 | H20: =_xlfn.DAYS(G20, F20) / 365.25 -> 18.223135 | I20: =IF(H20 < 20, "Yes", "No") -> Yes
A21: 18 | B21: 20 | C21: 邱秉睿 | D21: 165 | E21: 70 | F21: 1999/03/23 | G21: 43764 | H21: =_xlfn.DAYS(G21, F21) / 365.25 -> 20.594114 | I21: =IF(H21 < 20, "Yes", "No") -> No
A22: 19 | B22: 21 | C22: 鍾聖恩 | D22: 172 | E22: 66 | F22: 1998/05/01 | G22: 43764 | H22: =_xlfn.DAYS(G22, F22) / 365.25 -> 21.486653 | I22: =IF(H22 < 20, "Yes", "No") -> No
A23: 20 | B23: 22 | C23: 陳育褘 | D23: 177 | E23: 78 | F23: 2001/08/05 | G23: 43764 | H23: =_xlfn.DAYS(G23, F23) / 365.25 -> 18.223135 | I23: =IF(H23 < 20, "Yes", "No") -> Yes
A24: 21 | B24: 23 | C24: 王建升 | D24: 175 | E24: 79 | F24: 1996/01/13 | G24: 43764 | H24: =_xlfn.DAYS(G24, F24) / 365.25 -> 23.78371 | I24: =IF(H24 < 20, "Yes", "No") -> No
B25: 24 | C25: 粘朝欽 | D25: 174 | E25: 73 | F25: 2000/01/27 | G25: 43764 | H25: =_xlfn.DAYS(G25, F25) / 365.25 -> 19.74538 | I25: =IF(H25 < 20, "Yes", "No") -> Yes
A26: 22 | B26: 25 | C26: 陳昱綸 | D26: 170 | E26: 58 | F26: 2000/04/02 | G26: 43764 | H26: =_xlfn.DAYS(G26, F26) / 365.25 -> 19.564682 | I26: =IF(H26 < 20, "Yes", "No") -> Yes
A27: 23 | B27: 26 | C27: 蕭煒璁 | D27: 159 | E27: 73 | F27: 2002/12/14 | G27: 43764 | H27: =_xlfn.DAYS(G27, F27) / 365.25 -> 16.865161 | I27: =IF(H27 < 20, "Yes", "No") -> Yes
A28: 24 | B28: 27 | C28: 陳彥均 | D28: 175 | E28: 81 | F28: 1998/06/18 | G28: 43764 | H28: =_xlfn.DAYS(G28, F28) / 365.25 -> 21.355236 | I28: =IF(H28 < 20, "Yes", "No") -> No
A29: 25 | B29: 28 | C29: 李易庭 | D29: 173 | E29: 78 | F29: 2002/01/22 | G29: 43764 | H29: =_xlfn.DAYS(G29, F29) / 365.25 -> 17.7577 | I29: =IF(H29 < 20, "Yes", "No") -> Yes
B30: 29 | C30: 陳國賢 | D30: 167 | E30: 59.9 | F30: 2002/06/21 | G30: 43764 | H30: =_xlfn.DAYS(G30, F30) / 365.25 -> 17.347023 | I30: =IF(H30 < 20, "Yes", "No") -> Yes
A31: 26 | B31: 30 | C31: 王中成 | D31: 177 | E31: 83 | F31: 2002/05/04 | G31: 43764 | H31: =_xlfn.DAYS(G31, F31) / 365.25 -> 17.478439 | I31: =IF(H31 < 20, "Yes", "No") -> Yes

Sheet 工作表3
E6: Stiff Drop Jump
E7: Good | F7: Poor
B8: Soft Drop Jump | C8: Good | D8: Classification | E8: Normal to strong in every aspect | F8: Power
D9: Strength | E9: All-around | F9: Ball speed / Acceleration
D10: S&C focus | E10: Following periodization developing fitness | F10: Plyometrics: bounding, jumping, depth drop
D11: Players | E11: 王建升 胡育鴻 巫柏毅 陳彥均 高勤昊 沈宗逸 胡元勳 林書正 温庭新 | F11: 鍾聖恩 陳育褘
C12: Poor | D12: Classification | E12: Eccentric strength / RFD | F12: Weak
D13: Strength | E13: Change of direction / Braking | F13: Average
D14: S&C focus | E14: Power: e.g. jump squat, weightlifting derivatives | F14: Strength: e.g. squat, deadlift
D15: Players | E15: 陳昱綸 李易庭 | F15: 段仁瑋 林彥銘 蕭煒璁 黃宜夆 邱秉睿 卓柏陞 彭献文 王中成 曹佑齊 蕭宗翰 張晏齊 黃興文 林誌豪
